,SVC_B,MNB_B,SGD_B,MLP_B
0,TIN,TIN,TIN,UNT
1,TIN,TIN,TIN,TIN
2,TIN,TIN,TIN,TIN
3,TIN,TIN,UNT,UNT
4,TIN,TIN,TIN,UNT
5,TIN,TIN,UNT,UNT
6,TIN,TIN,TIN,TIN
7,TIN,TIN,TIN,TIN
8,TIN,TIN,UNT,UNT
9,TIN,TIN,TIN,TIN
10,TIN,TIN,TIN,TIN
11,TIN,TIN,TIN,UNT
12,TIN,TIN,TIN,TIN
13,TIN,TIN,TIN,TIN
14,TIN,TIN,TIN,TIN
15,TIN,TIN,TIN,TIN
16,TIN,TIN,UNT,UNT
17,TIN,TIN,TIN,TIN
18,TIN,TIN,TIN,TIN
19,TIN,TIN,TIN,TIN
20,TIN,TIN,UNT,UNT
21,TIN,TIN,TIN,UNT
22,TIN,TIN,TIN,TIN
23,TIN,TIN,TIN,TIN
24,UNT,TIN,UNT,UNT
25,UNT,TIN,UNT,UNT
26,UNT,TIN,UNT,UNT
27,UNT,TIN,UNT,UNT
28,TIN,TIN,TIN,TIN
29,TIN,TIN,TIN,TIN
30,TIN,TIN,TIN,TIN
31,TIN,TIN,TIN,TIN
32,TIN,TIN,TIN,TIN
33,TIN,TIN,TIN,TIN
34,TIN,TIN,TIN,TIN
35,TIN,TIN,TIN,TIN
36,TIN,TIN,TIN,TIN
37,TIN,TIN,TIN,TIN
38,TIN,TIN,TIN,UNT
39,TIN,TIN,TIN,TIN
40,TIN,TIN,TIN,TIN
41,TIN,TIN,TIN,TIN
42,TIN,TIN,TIN,TIN
43,TIN,TIN,TIN,TIN
44,TIN,TIN,TIN,TIN
45,TIN,TIN,TIN,TIN
46,TIN,TIN,TIN,TIN
47,TIN,TIN,TIN,TIN
48,TIN,TIN,TIN,TIN
49,TIN,TIN,TIN,TIN
50,TIN,TIN,TIN,TIN
51,TIN,TIN,TIN,TIN
52,TIN,TIN,TIN,TIN
53,TIN,TIN,TIN,UNT
54,TIN,TIN,TIN,TIN
55,TIN,TIN,TIN,TIN
56,TIN,TIN,TIN,TIN
57,TIN,TIN,TIN,TIN
58,TIN,TIN,TIN,TIN
59,TIN,TIN,TIN,TIN
60,TIN,TIN,TIN,TIN
61,TIN,TIN,TIN,TIN
62,TIN,TIN,TIN,TIN
63,TIN,TIN,TIN,TIN
64,TIN,TIN,TIN,TIN
65,TIN,TIN,TIN,TIN
66,TIN,TIN,TIN,TIN
67,TIN,TIN,TIN,TIN
68,TIN,TIN,TIN,TIN
69,TIN,TIN,TIN,TIN
70,TIN,TIN,TIN,TIN
71,TIN,TIN,TIN,TIN
72,TIN,TIN,TIN,TIN
73,TIN,TIN,TIN,TIN
74,TIN,TIN,TIN,TIN
75,TIN,TIN,TIN,TIN
76,TIN,TIN,TIN,TIN
77,TIN,TIN,TIN,TIN
78,TIN,TIN,TIN,TIN
79,TIN,TIN,TIN,TIN
80,TIN,TIN,TIN,TIN
81,TIN,TIN,TIN,TIN
82,TIN,TIN,TIN,TIN
83,TIN,TIN,TIN,TIN
84,TIN,TIN,TIN,TIN
85,TIN,TIN,TIN,TIN
86,TIN,TIN,TIN,TIN
87,TIN,TIN,TIN,UNT
88,TIN,TIN,TIN,TIN
89,TIN,TIN,TIN,TIN
90,TIN,TIN,TIN,UNT
91,TIN,TIN,TIN,TIN
92,TIN,TIN,UNT,UNT
93,TIN,TIN,TIN,TIN
94,TIN,TIN,UNT,UNT
95,TIN,TIN,TIN,TIN
96,TIN,TIN,TIN,TIN
97,TIN,TIN,TIN,UNT
98,TIN,TIN,TIN,TIN
99,TIN,TIN,TIN,TIN
100,TIN,TIN,TIN,TIN
101,TIN,TIN,TIN,TIN
102,TIN,TIN,TIN,TIN
103,TIN,TIN,TIN,TIN
104,TIN,TIN,TIN,TIN
105,TIN,TIN,TIN,TIN
106,TIN,TIN,TIN,TIN
107,TIN,TIN,TIN,TIN
108,TIN,TIN,TIN,TIN
109,TIN,TIN,TIN,TIN
110,TIN,TIN,TIN,TIN
111,TIN,TIN,TIN,TIN
112,TIN,TIN,TIN,TIN
113,TIN,TIN,TIN,TIN
114,TIN,TIN,UNT,TIN
115,TIN,TIN,UNT,UNT
116,TIN,TIN,TIN,TIN
117,TIN,TIN,TIN,TIN
118,TIN,TIN,TIN,TIN
119,TIN,TIN,TIN,TIN
120,TIN,TIN,TIN,TIN
121,TIN,TIN,TIN,TIN
122,TIN,TIN,TIN,TIN
123,TIN,TIN,UNT,UNT
124,TIN,TIN,TIN,TIN
125,TIN,TIN,TIN,TIN
126,TIN,TIN,TIN,TIN
127,TIN,TIN,TIN,TIN
128,TIN,TIN,TIN,TIN
129,TIN,TIN,TIN,TIN
130,TIN,TIN,TIN,TIN
131,TIN,TIN,TIN,TIN
132,TIN,TIN,TIN,TIN
133,TIN,TIN,TIN,TIN
134,TIN,TIN,TIN,TIN
135,TIN,TIN,TIN,TIN
136,TIN,TIN,TIN,UNT
137,TIN,TIN,TIN,TIN
138,TIN,TIN,TIN,TIN
139,TIN,TIN,TIN,TIN
140,TIN,TIN,TIN,TIN
141,TIN,TIN,UNT,TIN
142,TIN,TIN,UNT,TIN
143,TIN,TIN,TIN,TIN
144,TIN,TIN,TIN,TIN
145,TIN,TIN,UNT,UNT
146,TIN,TIN,UNT,UNT
147,TIN,TIN,TIN,TIN
148,TIN,TIN,TIN,TIN
149,TIN,TIN,TIN,TIN
150,TIN,TIN,TIN,TIN
151,TIN,TIN,TIN,TIN
152,TIN,TIN,TIN,TIN
153,TIN,TIN,TIN,TIN
154,TIN,TIN,TIN,TIN
155,TIN,TIN,TIN,TIN
156,TIN,TIN,TIN,TIN
157,TIN,TIN,TIN,TIN
158,TIN,TIN,TIN,TIN
159,TIN,TIN,TIN,TIN
160,TIN,TIN,TIN,TIN
161,TIN,TIN,TIN,TIN
162,TIN,TIN,TIN,UNT
163,TIN,TIN,TIN,TIN
164,TIN,TIN,TIN,TIN
165,TIN,TIN,TIN,TIN
166,TIN,TIN,TIN,TIN
167,TIN,TIN,TIN,TIN
168,TIN,TIN,UNT,UNT
169,TIN,TIN,TIN,TIN
170,TIN,TIN,TIN,TIN
171,TIN,TIN,TIN,TIN
172,TIN,TIN,UNT,UNT
173,TIN,TIN,TIN,TIN
174,TIN,TIN,UNT,UNT
175,TIN,TIN,TIN,TIN
176,TIN,TIN,TIN,TIN
177,TIN,TIN,TIN,TIN
178,TIN,TIN,TIN,TIN
179,TIN,TIN,TIN,TIN
180,TIN,TIN,TIN,TIN
181,TIN,TIN,TIN,TIN
182,TIN,TIN,TIN,TIN
183,TIN,TIN,TIN,TIN
184,TIN,TIN,TIN,UNT
185,TIN,TIN,TIN,TIN
186,TIN,TIN,TIN,TIN
187,TIN,TIN,UNT,UNT
188,TIN,TIN,UNT,UNT
189,TIN,TIN,TIN,TIN
190,TIN,TIN,TIN,UNT
191,TIN,TIN,TIN,TIN
192,TIN,TIN,TIN,UNT
193,TIN,TIN,UNT,UNT
194,TIN,TIN,TIN,TIN
195,TIN,TIN,TIN,TIN
196,TIN,TIN,TIN,TIN
197,TIN,TIN,TIN,TIN
198,TIN,TIN,UNT,UNT
199,TIN,TIN,TIN,TIN
200,TIN,TIN,TIN,TIN
201,TIN,TIN,TIN,TIN
202,TIN,TIN,TIN,TIN
203,TIN,TIN,UNT,UNT
204,TIN,TIN,TIN,TIN
205,TIN,TIN,TIN,TIN
206,TIN,TIN,TIN,UNT
207,TIN,TIN,TIN,UNT
208,TIN,TIN,TIN,TIN
209,TIN,TIN,TIN,UNT
210,TIN,TIN,TIN,TIN
211,TIN,TIN,TIN,TIN
212,TIN,TIN,TIN,TIN
213,TIN,TIN,TIN,TIN
214,TIN,TIN,TIN,UNT
215,TIN,TIN,TIN,TIN
216,TIN,TIN,TIN,TIN
217,TIN,TIN,TIN,TIN
218,TIN,TIN,TIN,TIN
219,TIN,TIN,TIN,TIN
220,TIN,TIN,TIN,UNT
221,TIN,TIN,TIN,TIN
222,TIN,TIN,TIN,TIN
223,TIN,TIN,TIN,TIN
224,TIN,TIN,TIN,UNT
225,TIN,TIN,TIN,UNT
226,TIN,TIN,TIN,TIN
227,TIN,TIN,TIN,TIN
228,TIN,TIN,TIN,TIN
229,TIN,TIN,TIN,TIN
230,TIN,TIN,TIN,TIN
231,TIN,TIN,TIN,TIN
232,TIN,TIN,TIN,TIN
233,TIN,TIN,TIN,UNT
234,TIN,TIN,TIN,TIN
235,TIN,TIN,TIN,TIN
236,TIN,TIN,TIN,TIN
237,TIN,TIN,UNT,UNT
238,TIN,TIN,UNT,UNT
239,TIN,TIN,TIN,TIN
240,TIN,TIN,TIN,TIN
241,TIN,TIN,TIN,TIN
242,TIN,TIN,TIN,TIN
243,TIN,TIN,TIN,TIN
244,TIN,TIN,TIN,TIN
245,TIN,TIN,TIN,TIN
246,TIN,TIN,TIN,TIN
247,TIN,TIN,UNT,UNT
248,TIN,TIN,TIN,TIN
249,TIN,TIN,UNT,UNT
250,TIN,TIN,TIN,TIN
251,TIN,TIN,TIN,TIN
252,TIN,TIN,TIN,TIN
253,TIN,TIN,UNT,TIN
254,TIN,TIN,TIN,TIN
255,TIN,TIN,TIN,TIN
256,TIN,TIN,UNT,UNT
257,TIN,TIN,UNT,UNT
258,TIN,TIN,UNT,UNT
259,TIN,TIN,TIN,TIN
260,TIN,TIN,TIN,UNT
261,TIN,TIN,UNT,UNT
262,TIN,TIN,TIN,TIN
263,TIN,TIN,UNT,UNT
264,TIN,TIN,TIN,TIN
265,TIN,TIN,TIN,TIN
266,TIN,TIN,TIN,TIN
267,TIN,TIN,TIN,TIN
268,TIN,TIN,UNT,UNT
269,TIN,TIN,TIN,TIN
270,TIN,TIN,TIN,TIN
271,TIN,TIN,TIN,TIN
272,TIN,TIN,UNT,UNT
273,TIN,TIN,TIN,TIN
274,TIN,TIN,TIN,TIN
275,TIN,TIN,TIN,UNT
276,TIN,TIN,TIN,TIN
277,TIN,TIN,TIN,UNT
278,TIN,TIN,TIN,TIN
279,TIN,TIN,TIN,TIN
280,TIN,TIN,TIN,TIN
281,TIN,TIN,TIN,TIN
282,TIN,TIN,UNT,UNT
283,TIN,TIN,TIN,TIN
284,TIN,TIN,TIN,TIN
285,TIN,TIN,TIN,TIN
286,TIN,TIN,UNT,UNT
287,TIN,TIN,TIN,TIN
288,TIN,TIN,TIN,TIN
289,TIN,TIN,TIN,UNT
290,TIN,TIN,TIN,TIN
291,TIN,TIN,TIN,TIN
292,TIN,TIN,UNT,UNT
293,TIN,TIN,UNT,TIN
294,TIN,TIN,TIN,TIN
295,TIN,TIN,TIN,TIN
296,UNT,TIN,UNT,UNT
297,TIN,TIN,UNT,UNT
298,TIN,TIN,TIN,TIN
299,TIN,TIN,TIN,UNT
300,TIN,TIN,TIN,TIN
301,TIN,TIN,UNT,UNT
302,TIN,TIN,TIN,TIN
303,TIN,TIN,TIN,TIN
304,TIN,TIN,TIN,UNT
305,TIN,TIN,TIN,UNT
306,TIN,TIN,UNT,UNT
307,TIN,TIN,UNT,UNT
308,TIN,TIN,TIN,TIN
309,TIN,TIN,TIN,TIN
310,TIN,TIN,TIN,UNT
311,TIN,TIN,TIN,TIN
312,TIN,TIN,TIN,TIN
313,TIN,TIN,TIN,TIN
314,TIN,TIN,TIN,TIN
315,TIN,TIN,TIN,TIN
316,TIN,TIN,TIN,TIN
317,TIN,TIN,TIN,TIN
318,TIN,TIN,TIN,TIN
319,TIN,TIN,TIN,TIN
320,TIN,TIN,TIN,TIN
321,TIN,TIN,TIN,TIN
322,TIN,TIN,TIN,TIN
323,TIN,TIN,UNT,UNT
324,TIN,TIN,nan,nan
325,TIN,TIN,TIN,UNT
326,TIN,TIN,TIN,TIN
327,TIN,TIN,TIN,TIN
328,TIN,TIN,UNT,UNT
329,TIN,TIN,TIN,UNT
330,TIN,TIN,UNT,UNT
331,TIN,TIN,TIN,TIN
332,TIN,TIN,TIN,TIN
333,TIN,TIN,UNT,UNT
334,TIN,TIN,TIN,TIN
335,TIN,TIN,TIN,TIN
336,TIN,TIN,UNT,UNT
337,TIN,TIN,TIN,UNT
338,TIN,TIN,TIN,TIN
339,TIN,TIN,TIN,TIN
340,TIN,TIN,TIN,TIN
341,TIN,TIN,TIN,TIN
342,TIN,TIN,UNT,UNT
343,TIN,TIN,TIN,TIN
344,TIN,TIN,TIN,TIN
345,TIN,TIN,TIN,TIN
346,TIN,TIN,TIN,TIN
347,TIN,TIN,TIN,TIN
348,TIN,TIN,TIN,TIN
349,TIN,TIN,TIN,TIN
350,TIN,TIN,TIN,TIN
351,TIN,TIN,TIN,TIN
352,TIN,TIN,UNT,TIN
353,TIN,TIN,TIN,UNT
354,TIN,TIN,TIN,TIN
355,TIN,TIN,TIN,TIN
356,TIN,TIN,TIN,TIN
357,TIN,TIN,TIN,TIN
358,TIN,TIN,TIN,TIN
359,TIN,TIN,TIN,TIN
360,TIN,TIN,TIN,TIN
361,TIN,TIN,TIN,TIN
362,TIN,TIN,TIN,TIN
363,TIN,TIN,TIN,TIN
364,TIN,TIN,TIN,TIN
365,TIN,TIN,TIN,TIN
366,TIN,TIN,TIN,TIN
367,TIN,TIN,TIN,TIN
368,TIN,TIN,TIN,TIN
369,TIN,TIN,TIN,TIN
370,TIN,TIN,UNT,TIN
371,TIN,TIN,TIN,TIN
372,TIN,TIN,TIN,TIN
373,TIN,TIN,TIN,TIN
374,TIN,TIN,TIN,TIN
375,TIN,TIN,UNT,UNT
376,TIN,TIN,TIN,TIN
377,TIN,TIN,TIN,TIN
378,TIN,TIN,TIN,TIN
379,TIN,TIN,TIN,TIN
380,TIN,TIN,TIN,TIN
381,TIN,TIN,TIN,TIN
382,TIN,TIN,TIN,TIN
383,TIN,TIN,TIN,TIN
384,TIN,TIN,TIN,TIN
385,TIN,TIN,TIN,TIN
386,TIN,TIN,TIN,TIN
387,TIN,TIN,TIN,TIN
388,UNT,TIN,UNT,UNT
389,UNT,TIN,UNT,UNT
390,UNT,TIN,UNT,UNT
391,TIN,TIN,TIN,UNT
392,UNT,TIN,TIN,UNT
393,TIN,TIN,TIN,UNT
394,UNT,TIN,UNT,UNT
395,TIN,TIN,UNT,UNT
396,TIN,TIN,TIN,UNT
397,UNT,TIN,UNT,UNT
398,TIN,TIN,UNT,UNT
399,UNT,TIN,UNT,UNT
400,UNT,TIN,UNT,UNT
401,TIN,TIN,TIN,TIN
402,TIN,TIN,TIN,TIN
403,UNT,TIN,UNT,UNT
404,UNT,TIN,TIN,UNT
405,UNT,TIN,UNT,UNT
406,TIN,TIN,TIN,UNT
407,TIN,TIN,TIN,UNT
408,TIN,TIN,TIN,TIN
409,UNT,TIN,UNT,UNT
410,TIN,TIN,TIN,UNT
411,TIN,TIN,TIN,UNT
412,UNT,TIN,UNT,UNT
413,UNT,TIN,UNT,UNT
414,TIN,TIN,TIN,UNT
415,UNT,TIN,UNT,UNT
416,UNT,TIN,UNT,UNT
417,TIN,TIN,UNT,UNT
418,UNT,TIN,UNT,UNT
419,TIN,TIN,TIN,UNT
420,TIN,TIN,TIN,UNT
421,UNT,TIN,UNT,UNT
422,TIN,TIN,UNT,UNT
423,TIN,TIN,TIN,TIN
424,UNT,TIN,UNT,UNT
425,UNT,TIN,UNT,UNT
426,UNT,TIN,UNT,UNT
427,TIN,TIN,TIN,UNT
428,TIN,TIN,TIN,UNT
429,UNT,TIN,UNT,UNT
430,UNT,UNT,UNT,UNT
431,TIN,TIN,TIN,TIN
432,UNT,TIN,UNT,UNT
433,UNT,TIN,UNT,UNT
434,UNT,TIN,UNT,UNT
435,TIN,TIN,TIN,TIN
436,TIN,TIN,TIN,TIN
437,TIN,TIN,TIN,TIN
438,TIN,TIN,TIN,TIN
439,TIN,TIN,TIN,TIN
440,TIN,TIN,TIN,TIN
441,TIN,TIN,TIN,TIN
442,TIN,TIN,TIN,TIN
443,TIN,TIN,TIN,TIN
444,TIN,TIN,TIN,TIN
445,TIN,TIN,TIN,TIN
446,TIN,TIN,TIN,TIN
447,TIN,TIN,TIN,TIN
448,TIN,TIN,TIN,TIN
449,TIN,TIN,TIN,TIN
450,TIN,TIN,TIN,TIN
451,TIN,TIN,TIN,TIN
452,TIN,TIN,TIN,TIN
453,TIN,TIN,TIN,TIN
454,TIN,TIN,TIN,TIN
455,TIN,TIN,TIN,TIN
456,TIN,TIN,TIN,TIN
457,TIN,TIN,TIN,TIN
458,TIN,TIN,TIN,TIN
459,TIN,TIN,TIN,TIN
460,TIN,TIN,TIN,TIN
461,TIN,TIN,UNT,TIN
462,TIN,TIN,TIN,TIN
463,TIN,TIN,TIN,UNT
464,TIN,TIN,UNT,TIN
465,TIN,TIN,TIN,TIN
466,TIN,TIN,TIN,TIN
467,TIN,TIN,TIN,TIN
468,TIN,TIN,TIN,TIN
469,TIN,TIN,TIN,TIN
470,TIN,TIN,TIN,TIN
471,TIN,TIN,TIN,TIN
472,TIN,TIN,TIN,TIN
473,TIN,TIN,TIN,TIN
474,TIN,TIN,TIN,TIN
475,TIN,TIN,TIN,TIN
476,TIN,TIN,TIN,TIN
477,TIN,TIN,TIN,TIN
478,TIN,TIN,TIN,TIN
479,TIN,TIN,TIN,TIN
480,TIN,TIN,TIN,TIN
481,TIN,TIN,TIN,TIN
482,TIN,TIN,TIN,TIN
483,TIN,TIN,TIN,TIN
484,TIN,TIN,TIN,TIN
485,TIN,TIN,TIN,TIN
486,TIN,TIN,TIN,TIN
487,TIN,TIN,TIN,TIN
488,TIN,TIN,TIN,TIN
489,TIN,TIN,TIN,TIN
490,TIN,TIN,TIN,TIN
491,TIN,TIN,TIN,TIN
492,TIN,TIN,TIN,TIN
493,TIN,TIN,TIN,TIN
494,TIN,TIN,TIN,TIN
495,TIN,TIN,TIN,TIN
496,TIN,TIN,TIN,TIN
497,TIN,TIN,TIN,TIN
498,TIN,TIN,TIN,TIN
499,TIN,TIN,TIN,TIN
500,TIN,TIN,TIN,TIN
501,TIN,TIN,TIN,TIN
502,TIN,TIN,TIN,TIN
503,TIN,TIN,TIN,TIN
504,TIN,TIN,TIN,TIN
505,TIN,TIN,TIN,TIN
506,TIN,TIN,TIN,TIN
507,TIN,TIN,TIN,TIN
508,TIN,TIN,TIN,TIN
509,TIN,TIN,TIN,TIN
510,TIN,TIN,TIN,TIN
511,TIN,TIN,TIN,TIN
512,TIN,TIN,TIN,TIN
513,TIN,TIN,TIN,TIN
514,TIN,TIN,TIN,TIN
515,TIN,TIN,UNT,TIN
516,TIN,TIN,TIN,TIN
517,TIN,TIN,TIN,TIN
518,TIN,TIN,TIN,TIN
519,TIN,TIN,TIN,TIN
520,TIN,TIN,TIN,TIN
521,TIN,TIN,TIN,TIN
522,TIN,TIN,TIN,TIN
523,TIN,TIN,TIN,TIN
524,TIN,TIN,TIN,TIN
525,TIN,TIN,TIN,TIN
526,TIN,TIN,TIN,TIN
527,TIN,TIN,UNT,UNT
528,UNT,TIN,UNT,UNT
529,TIN,TIN,UNT,UNT
530,TIN,TIN,UNT,UNT
531,UNT,TIN,UNT,UNT
532,UNT,TIN,UNT,UNT
533,TIN,TIN,TIN,TIN
534,UNT,TIN,UNT,UNT
535,TIN,TIN,TIN,UNT
536,UNT,TIN,UNT,UNT
537,UNT,TIN,UNT,UNT
538,TIN,TIN,TIN,UNT
539,TIN,TIN,TIN,UNT
540,UNT,TIN,UNT,UNT
541,UNT,TIN,UNT,UNT
542,TIN,TIN,UNT,UNT
543,UNT,TIN,UNT,UNT
544,UNT,TIN,UNT,UNT
545,UNT,TIN,TIN,UNT
546,UNT,TIN,TIN,UNT
547,UNT,TIN,UNT,UNT
548,TIN,TIN,UNT,UNT
549,UNT,TIN,UNT,UNT
550,UNT,TIN,UNT,UNT
551,UNT,TIN,UNT,UNT
552,UNT,TIN,UNT,UNT
553,TIN,TIN,UNT,UNT
554,TIN,TIN,TIN,UNT
555,TIN,TIN,UNT,UNT
556,UNT,TIN,UNT,UNT
557,UNT,TIN,UNT,UNT
558,TIN,TIN,TIN,UNT
559,UNT,TIN,UNT,UNT
560,UNT,TIN,UNT,UNT
561,UNT,TIN,UNT,UNT
562,UNT,TIN,UNT,UNT
563,UNT,TIN,UNT,UNT
564,TIN,TIN,TIN,UNT
565,UNT,TIN,UNT,UNT
566,TIN,TIN,TIN,TIN
567,TIN,TIN,TIN,TIN
568,TIN,TIN,TIN,TIN
569,TIN,TIN,UNT,UNT
570,TIN,TIN,TIN,TIN
571,TIN,TIN,TIN,TIN
572,UNT,TIN,UNT,UNT
573,TIN,TIN,UNT,UNT
574,TIN,TIN,TIN,TIN
575,TIN,TIN,TIN,TIN
576,TIN,TIN,TIN,UNT
577,TIN,TIN,UNT,UNT
578,TIN,TIN,TIN,TIN
579,TIN,TIN,UNT,UNT
580,TIN,TIN,TIN,TIN
581,UNT,TIN,UNT,UNT
582,TIN,TIN,TIN,TIN
583,TIN,TIN,TIN,TIN
584,TIN,TIN,TIN,TIN
585,TIN,TIN,TIN,TIN
586,TIN,TIN,TIN,TIN
587,TIN,TIN,TIN,TIN
588,TIN,TIN,TIN,UNT
589,TIN,TIN,UNT,UNT
590,TIN,TIN,TIN,TIN
591,TIN,TIN,TIN,TIN
592,TIN,TIN,TIN,UNT
593,TIN,TIN,TIN,TIN
594,TIN,TIN,TIN,TIN
595,TIN,TIN,UNT,UNT
596,TIN,TIN,TIN,TIN
597,TIN,TIN,UNT,TIN
598,TIN,TIN,TIN,TIN
599,TIN,TIN,TIN,TIN
600,TIN,TIN,TIN,TIN
601,TIN,TIN,TIN,TIN
602,TIN,TIN,TIN,TIN
603,TIN,TIN,TIN,TIN
604,TIN,TIN,TIN,TIN
605,TIN,TIN,TIN,TIN
606,TIN,TIN,TIN,TIN
607,TIN,TIN,UNT,TIN
608,TIN,TIN,TIN,TIN
609,TIN,TIN,TIN,TIN
610,TIN,TIN,TIN,TIN
611,TIN,TIN,TIN,TIN
612,TIN,TIN,TIN,TIN
613,TIN,TIN,TIN,TIN
614,TIN,TIN,TIN,TIN
615,TIN,TIN,TIN,TIN
616,TIN,TIN,TIN,TIN
617,TIN,TIN,TIN,TIN
618,TIN,TIN,TIN,TIN
619,TIN,TIN,TIN,TIN
620,TIN,TIN,TIN,TIN
621,TIN,TIN,TIN,TIN
622,TIN,TIN,TIN,TIN
623,TIN,TIN,TIN,TIN
624,TIN,TIN,TIN,TIN
625,TIN,TIN,TIN,TIN
626,TIN,TIN,TIN,TIN
627,TIN,TIN,TIN,TIN
628,TIN,TIN,UNT,TIN
629,TIN,TIN,TIN,TIN
630,TIN,TIN,TIN,TIN
631,TIN,TIN,TIN,TIN
632,TIN,TIN,TIN,TIN
633,TIN,TIN,TIN,TIN
634,TIN,TIN,TIN,TIN
635,TIN,TIN,TIN,TIN
636,TIN,TIN,TIN,TIN
637,TIN,TIN,TIN,TIN
638,TIN,TIN,TIN,TIN
639,TIN,TIN,TIN,TIN
640,TIN,TIN,TIN,TIN
641,TIN,TIN,TIN,TIN
642,TIN,TIN,TIN,TIN
643,TIN,TIN,TIN,TIN
644,TIN,TIN,TIN,TIN
645,TIN,TIN,TIN,TIN
646,TIN,TIN,TIN,TIN
647,TIN,TIN,TIN,TIN
648,TIN,TIN,TIN,TIN
649,TIN,TIN,TIN,TIN
650,TIN,TIN,TIN,TIN
651,TIN,TIN,TIN,TIN
652,TIN,TIN,TIN,TIN
653,TIN,TIN,TIN,TIN
654,TIN,TIN,TIN,TIN
655,TIN,TIN,TIN,TIN
656,TIN,TIN,TIN,TIN
657,TIN,TIN,TIN,TIN
658,TIN,TIN,TIN,TIN
659,TIN,TIN,TIN,TIN
660,TIN,TIN,TIN,TIN
661,TIN,TIN,TIN,TIN
662,TIN,TIN,TIN,TIN
663,TIN,TIN,TIN,TIN
664,TIN,TIN,TIN,TIN
665,TIN,TIN,TIN,TIN
666,TIN,TIN,TIN,TIN
667,TIN,TIN,TIN,TIN
668,TIN,TIN,TIN,TIN
669,TIN,TIN,TIN,TIN
670,TIN,TIN,TIN,TIN
671,TIN,TIN,TIN,TIN
672,TIN,TIN,TIN,TIN
673,TIN,TIN,TIN,TIN
674,TIN,TIN,TIN,TIN
675,TIN,TIN,TIN,TIN
676,TIN,TIN,TIN,TIN
677,TIN,TIN,TIN,TIN
678,TIN,TIN,TIN,TIN
679,TIN,TIN,TIN,TIN
680,TIN,TIN,TIN,TIN
681,TIN,TIN,TIN,TIN
682,TIN,TIN,UNT,TIN
683,TIN,TIN,TIN,TIN
684,UNT,TIN,UNT,UNT
685,TIN,TIN,TIN,TIN
686,TIN,TIN,TIN,TIN
687,TIN,TIN,TIN,TIN
688,TIN,TIN,TIN,TIN
689,TIN,TIN,TIN,TIN
690,TIN,TIN,TIN,TIN
691,TIN,TIN,TIN,TIN
692,TIN,TIN,TIN,TIN
693,TIN,TIN,TIN,TIN
694,TIN,TIN,TIN,TIN
695,TIN,TIN,TIN,TIN
696,TIN,TIN,TIN,TIN
697,TIN,TIN,TIN,TIN
698,TIN,TIN,TIN,TIN
699,TIN,TIN,TIN,TIN
700,TIN,TIN,TIN,TIN
701,TIN,TIN,TIN,TIN
702,TIN,TIN,TIN,TIN
703,TIN,TIN,TIN,TIN
704,TIN,TIN,TIN,TIN
705,TIN,TIN,TIN,TIN
706,TIN,TIN,TIN,TIN
707,TIN,TIN,TIN,TIN
708,TIN,TIN,TIN,TIN
709,TIN,TIN,TIN,TIN
710,TIN,TIN,TIN,TIN
711,TIN,TIN,TIN,TIN
712,TIN,TIN,TIN,TIN
713,TIN,TIN,TIN,TIN
714,TIN,TIN,TIN,TIN
715,TIN,TIN,TIN,TIN
716,TIN,TIN,TIN,TIN
717,TIN,TIN,TIN,TIN
718,TIN,TIN,TIN,TIN
719,TIN,TIN,TIN,TIN
720,TIN,TIN,TIN,TIN
721,TIN,TIN,TIN,TIN
722,TIN,TIN,TIN,TIN
723,TIN,TIN,TIN,TIN
724,TIN,TIN,TIN,TIN
725,TIN,TIN,TIN,TIN
726,TIN,TIN,TIN,TIN
727,TIN,TIN,TIN,TIN
728,TIN,TIN,TIN,TIN
729,TIN,TIN,TIN,TIN
730,TIN,TIN,TIN,TIN
731,TIN,TIN,TIN,TIN
732,TIN,TIN,TIN,TIN
733,TIN,TIN,UNT,TIN
734,TIN,TIN,TIN,TIN
735,TIN,TIN,TIN,TIN
736,TIN,TIN,TIN,TIN
737,TIN,TIN,TIN,TIN
738,TIN,TIN,TIN,TIN
739,TIN,TIN,TIN,TIN
740,TIN,TIN,TIN,TIN
741,TIN,TIN,TIN,TIN
742,TIN,TIN,TIN,TIN
743,TIN,TIN,TIN,TIN
744,TIN,TIN,TIN,TIN
745,TIN,TIN,TIN,TIN
746,TIN,TIN,TIN,TIN
747,TIN,TIN,TIN,TIN
748,TIN,TIN,TIN,TIN
749,TIN,TIN,TIN,TIN
750,TIN,TIN,TIN,TIN
751,TIN,TIN,TIN,TIN
752,TIN,TIN,TIN,TIN
753,TIN,TIN,TIN,TIN
754,TIN,TIN,TIN,TIN
755,TIN,TIN,TIN,TIN
756,TIN,TIN,TIN,TIN
757,TIN,TIN,TIN,TIN
758,TIN,TIN,TIN,TIN
759,TIN,TIN,TIN,TIN
760,TIN,TIN,TIN,TIN
761,TIN,TIN,TIN,TIN
762,TIN,TIN,TIN,TIN
763,TIN,TIN,TIN,TIN
764,TIN,TIN,TIN,TIN
765,TIN,TIN,TIN,TIN
766,TIN,TIN,TIN,TIN
767,TIN,TIN,TIN,TIN
768,TIN,TIN,TIN,TIN
769,TIN,TIN,TIN,TIN
770,TIN,TIN,TIN,TIN
771,TIN,TIN,TIN,TIN
772,TIN,TIN,TIN,TIN
773,TIN,TIN,TIN,TIN
774,TIN,TIN,TIN,TIN
775,TIN,TIN,TIN,TIN
776,TIN,TIN,TIN,TIN
777,TIN,TIN,TIN,TIN
778,TIN,TIN,TIN,TIN
779,TIN,TIN,TIN,TIN
780,TIN,TIN,TIN,TIN
781,TIN,TIN,TIN,TIN
782,TIN,TIN,TIN,TIN
783,TIN,TIN,TIN,TIN
784,TIN,TIN,TIN,TIN
785,TIN,TIN,TIN,TIN
786,TIN,TIN,TIN,TIN
787,TIN,TIN,TIN,TIN
788,TIN,TIN,TIN,TIN
789,TIN,TIN,TIN,TIN
790,TIN,TIN,TIN,TIN
791,TIN,TIN,TIN,TIN
792,TIN,TIN,TIN,TIN
793,TIN,TIN,TIN,TIN
794,TIN,TIN,TIN,TIN
795,TIN,TIN,TIN,TIN
796,TIN,TIN,TIN,TIN
797,TIN,TIN,TIN,TIN
798,TIN,TIN,UNT,TIN
799,TIN,TIN,TIN,TIN
800,TIN,TIN,TIN,TIN
801,TIN,TIN,TIN,TIN
802,TIN,TIN,TIN,TIN
803,TIN,TIN,TIN,TIN
804,TIN,TIN,TIN,TIN
805,TIN,TIN,TIN,TIN
806,TIN,TIN,TIN,TIN
807,TIN,TIN,TIN,TIN
808,TIN,TIN,TIN,TIN
809,TIN,TIN,TIN,TIN
810,TIN,TIN,TIN,TIN
811,TIN,TIN,TIN,TIN
812,TIN,TIN,TIN,TIN
813,TIN,TIN,TIN,TIN
814,TIN,TIN,TIN,TIN
815,TIN,TIN,TIN,TIN
816,TIN,TIN,TIN,TIN
817,TIN,TIN,UNT,TIN
818,TIN,TIN,TIN,TIN
819,TIN,TIN,TIN,TIN
820,TIN,TIN,TIN,TIN
821,TIN,TIN,TIN,TIN
822,TIN,TIN,TIN,TIN
823,TIN,TIN,TIN,TIN
824,TIN,TIN,TIN,TIN
825,TIN,TIN,TIN,TIN
826,TIN,TIN,TIN,TIN
827,TIN,TIN,TIN,TIN
828,TIN,TIN,UNT,UNT
829,TIN,TIN,TIN,TIN
830,TIN,TIN,TIN,TIN
831,TIN,TIN,TIN,TIN
832,TIN,TIN,TIN,TIN
833,TIN,TIN,TIN,TIN
834,TIN,TIN,TIN,TIN
835,TIN,TIN,TIN,TIN
836,TIN,TIN,TIN,TIN
837,TIN,TIN,TIN,TIN
838,TIN,TIN,TIN,TIN
839,TIN,TIN,TIN,TIN
840,TIN,TIN,TIN,TIN
841,TIN,TIN,TIN,TIN
842,TIN,TIN,TIN,TIN
843,TIN,TIN,TIN,TIN
844,TIN,TIN,TIN,TIN
845,TIN,TIN,TIN,TIN
846,TIN,TIN,TIN,TIN
847,TIN,TIN,TIN,TIN
848,TIN,TIN,TIN,TIN
849,TIN,TIN,TIN,TIN
850,TIN,TIN,TIN,TIN
851,TIN,TIN,TIN,TIN
852,TIN,TIN,TIN,TIN
853,TIN,TIN,TIN,TIN
854,TIN,TIN,TIN,TIN
855,TIN,TIN,TIN,TIN
856,TIN,TIN,TIN,TIN
857,TIN,TIN,TIN,TIN
858,TIN,TIN,TIN,TIN
859,TIN,TIN,TIN,TIN
860,TIN,TIN,TIN,TIN
861,TIN,TIN,TIN,TIN
862,TIN,TIN,TIN,TIN
863,TIN,TIN,TIN,TIN
864,TIN,TIN,TIN,TIN
865,TIN,TIN,TIN,TIN
866,TIN,TIN,TIN,TIN
867,TIN,TIN,TIN,TIN
868,TIN,TIN,TIN,TIN
869,TIN,TIN,TIN,TIN
870,TIN,TIN,TIN,TIN
871,TIN,TIN,TIN,TIN
872,TIN,TIN,TIN,TIN
873,TIN,TIN,TIN,TIN
874,TIN,TIN,TIN,TIN
875,TIN,TIN,TIN,TIN
876,TIN,TIN,TIN,TIN
877,TIN,TIN,TIN,TIN
878,TIN,TIN,TIN,TIN
879,TIN,TIN,TIN,TIN
880,TIN,TIN,TIN,TIN
881,TIN,TIN,TIN,TIN
882,TIN,TIN,TIN,TIN
883,TIN,TIN,TIN,TIN
884,TIN,TIN,TIN,TIN
885,TIN,TIN,TIN,TIN
886,TIN,TIN,TIN,TIN
887,TIN,TIN,TIN,TIN
888,TIN,TIN,TIN,TIN
889,TIN,TIN,TIN,TIN
890,TIN,TIN,TIN,TIN
891,TIN,TIN,TIN,TIN
892,TIN,TIN,TIN,TIN
893,TIN,TIN,TIN,TIN
894,TIN,TIN,TIN,TIN
895,TIN,TIN,TIN,TIN
896,TIN,TIN,TIN,TIN
897,TIN,TIN,TIN,TIN
898,TIN,TIN,TIN,TIN
899,TIN,TIN,TIN,TIN
900,TIN,TIN,TIN,TIN
901,TIN,TIN,TIN,TIN
902,TIN,TIN,TIN,TIN
903,TIN,TIN,TIN,TIN
904,TIN,TIN,TIN,TIN
905,TIN,TIN,TIN,TIN
906,TIN,TIN,TIN,TIN
907,TIN,TIN,TIN,TIN
908,TIN,TIN,TIN,TIN
909,TIN,TIN,TIN,TIN
910,TIN,TIN,TIN,TIN
911,TIN,TIN,TIN,TIN
912,TIN,TIN,TIN,TIN
913,TIN,TIN,TIN,TIN
914,TIN,TIN,TIN,TIN
915,TIN,TIN,TIN,TIN
916,TIN,TIN,TIN,TIN
917,TIN,TIN,TIN,TIN
918,TIN,TIN,TIN,TIN
919,TIN,TIN,TIN,TIN
920,TIN,TIN,TIN,TIN
921,TIN,TIN,TIN,TIN
922,TIN,TIN,TIN,TIN
923,TIN,TIN,TIN,TIN
924,TIN,TIN,TIN,TIN
925,TIN,TIN,TIN,TIN
926,TIN,TIN,TIN,TIN
927,TIN,TIN,TIN,TIN
928,TIN,TIN,TIN,TIN
929,TIN,TIN,TIN,TIN
930,TIN,TIN,TIN,TIN
931,TIN,TIN,TIN,TIN
932,TIN,TIN,TIN,TIN
933,TIN,TIN,TIN,TIN
934,TIN,TIN,TIN,TIN
935,TIN,TIN,TIN,TIN
936,TIN,TIN,TIN,TIN
937,TIN,TIN,TIN,TIN
938,TIN,TIN,TIN,TIN
939,TIN,TIN,TIN,TIN
940,TIN,TIN,TIN,TIN
941,TIN,TIN,TIN,TIN
942,TIN,TIN,TIN,TIN
943,TIN,TIN,TIN,TIN
944,TIN,TIN,TIN,TIN
945,TIN,TIN,TIN,TIN
946,TIN,TIN,TIN,TIN
947,TIN,TIN,TIN,TIN
948,TIN,TIN,TIN,TIN
949,TIN,TIN,TIN,TIN
950,TIN,TIN,TIN,TIN
951,TIN,TIN,TIN,TIN
952,TIN,TIN,TIN,TIN
953,TIN,TIN,TIN,TIN
954,TIN,TIN,TIN,TIN
955,TIN,TIN,TIN,TIN
956,TIN,TIN,TIN,TIN
957,TIN,TIN,TIN,TIN
958,TIN,TIN,TIN,TIN
959,TIN,TIN,TIN,TIN
960,TIN,TIN,TIN,TIN
961,TIN,TIN,TIN,TIN
962,TIN,TIN,TIN,TIN
963,TIN,TIN,TIN,TIN
964,TIN,TIN,TIN,TIN
965,TIN,TIN,TIN,TIN
966,TIN,TIN,TIN,TIN
967,TIN,TIN,TIN,TIN
968,TIN,TIN,nan,nan
969,UNT,TIN,UNT,UNT
970,TIN,TIN,TIN,UNT
971,UNT,TIN,UNT,UNT
972,UNT,TIN,UNT,UNT
973,UNT,TIN,UNT,UNT
974,TIN,TIN,UNT,UNT
975,TIN,TIN,UNT,UNT
976,UNT,TIN,UNT,UNT
977,UNT,TIN,TIN,UNT
978,TIN,TIN,UNT,UNT
979,TIN,TIN,TIN,UNT
980,TIN,TIN,UNT,UNT
981,TIN,TIN,TIN,TIN
982,TIN,TIN,UNT,UNT
983,TIN,TIN,TIN,TIN
984,UNT,TIN,UNT,UNT
985,UNT,TIN,UNT,UNT
986,UNT,TIN,UNT,UNT
987,UNT,TIN,UNT,UNT
988,UNT,TIN,UNT,UNT
989,UNT,TIN,UNT,UNT
990,TIN,TIN,TIN,UNT
991,UNT,TIN,UNT,UNT
992,TIN,TIN,UNT,UNT
993,UNT,TIN,UNT,UNT
994,UNT,TIN,UNT,UNT
995,UNT,TIN,UNT,UNT
996,TIN,TIN,TIN,TIN
997,UNT,TIN,UNT,UNT
998,TIN,TIN,TIN,TIN
999,UNT,TIN,UNT,UNT
1000,TIN,TIN,TIN,UNT
1001,UNT,TIN,UNT,UNT
1002,UNT,TIN,UNT,UNT
1003,TIN,TIN,TIN,UNT
1004,UNT,TIN,UNT,UNT
1005,UNT,TIN,UNT,UNT
1006,UNT,TIN,UNT,UNT
1007,UNT,TIN,UNT,UNT
1008,UNT,TIN,UNT,UNT
1009,UNT,TIN,UNT,UNT
1010,UNT,TIN,UNT,UNT
1011,TIN,TIN,TIN,UNT
1012,TIN,TIN,TIN,UNT
1013,UNT,TIN,UNT,UNT
1014,TIN,TIN,TIN,UNT
1015,UNT,TIN,UNT,UNT
1016,UNT,TIN,UNT,UNT
1017,UNT,TIN,TIN,UNT
1018,UNT,TIN,TIN,UNT
1019,UNT,TIN,UNT,UNT
1020,UNT,TIN,UNT,UNT
1021,UNT,TIN,UNT,UNT
1022,UNT,TIN,UNT,UNT
1023,UNT,TIN,UNT,UNT
1024,UNT,TIN,UNT,UNT
1025,TIN,TIN,TIN,UNT
1026,UNT,TIN,UNT,UNT
1027,UNT,TIN,UNT,UNT
1028,UNT,TIN,UNT,UNT
1029,UNT,TIN,UNT,UNT
1030,UNT,TIN,UNT,UNT
1031,UNT,TIN,TIN,UNT
1032,TIN,TIN,TIN,UNT
1033,UNT,TIN,UNT,UNT
1034,TIN,TIN,TIN,UNT
1035,UNT,TIN,UNT,UNT
1036,TIN,TIN,TIN,UNT
1037,TIN,TIN,TIN,UNT
1038,UNT,TIN,UNT,UNT
1039,UNT,TIN,UNT,UNT
1040,TIN,TIN,TIN,TIN
1041,TIN,TIN,TIN,UNT
1042,TIN,TIN,UNT,UNT
1043,UNT,TIN,UNT,UNT
1044,TIN,TIN,UNT,UNT
1045,TIN,TIN,TIN,UNT
1046,TIN,TIN,UNT,UNT
1047,UNT,TIN,UNT,UNT
1048,TIN,TIN,TIN,UNT
1049,UNT,TIN,UNT,UNT
1050,TIN,TIN,TIN,TIN
1051,UNT,TIN,UNT,UNT
1052,UNT,TIN,UNT,UNT
1053,UNT,TIN,UNT,UNT
1054,UNT,TIN,UNT,UNT
1055,TIN,TIN,TIN,UNT
1056,TIN,TIN,UNT,UNT
1057,TIN,TIN,TIN,UNT
1058,UNT,TIN,UNT,UNT
1059,UNT,TIN,UNT,UNT
1060,UNT,TIN,UNT,UNT
1061,UNT,TIN,UNT,UNT
1062,UNT,TIN,UNT,UNT
1063,UNT,TIN,UNT,UNT
1064,UNT,TIN,UNT,UNT
1065,UNT,TIN,UNT,UNT
1066,TIN,TIN,TIN,TIN
1067,TIN,TIN,TIN,UNT
1068,TIN,TIN,TIN,UNT
1069,TIN,TIN,TIN,UNT
1070,UNT,TIN,TIN,UNT
1071,TIN,TIN,TIN,TIN
1072,UNT,TIN,UNT,UNT
1073,TIN,TIN,UNT,UNT
1074,UNT,TIN,UNT,UNT
1075,UNT,TIN,UNT,UNT
1076,TIN,TIN,TIN,UNT
1077,UNT,TIN,UNT,UNT
1078,UNT,TIN,UNT,UNT
1079,TIN,TIN,TIN,UNT
1080,TIN,TIN,TIN,UNT
1081,UNT,TIN,UNT,UNT
1082,TIN,TIN,TIN,UNT
1083,UNT,TIN,UNT,UNT
1084,UNT,TIN,UNT,UNT
1085,UNT,TIN,UNT,UNT
1086,TIN,TIN,TIN,UNT
1087,UNT,TIN,UNT,UNT
1088,TIN,TIN,TIN,UNT
1089,UNT,TIN,UNT,UNT
1090,UNT,TIN,UNT,UNT
1091,TIN,TIN,TIN,UNT
1092,UNT,TIN,UNT,UNT
1093,TIN,TIN,UNT,UNT
1094,UNT,TIN,UNT,UNT
1095,UNT,TIN,UNT,UNT
1096,TIN,TIN,UNT,UNT
1097,TIN,TIN,TIN,UNT
1098,UNT,TIN,UNT,UNT
1099,UNT,TIN,UNT,UNT
1100,TIN,TIN,TIN,UNT
1101,TIN,TIN,TIN,TIN
1102,UNT,TIN,UNT,UNT
1103,TIN,TIN,UNT,UNT
1104,UNT,TIN,UNT,UNT
1105,TIN,TIN,UNT,UNT
1106,UNT,TIN,TIN,UNT
1107,UNT,TIN,TIN,UNT
1108,TIN,TIN,UNT,UNT
1109,TIN,TIN,UNT,UNT
1110,TIN,TIN,UNT,UNT
1111,UNT,TIN,UNT,UNT
1112,UNT,TIN,UNT,UNT
1113,UNT,TIN,UNT,UNT
1114,UNT,TIN,UNT,UNT
1115,UNT,TIN,UNT,UNT
1116,UNT,TIN,UNT,UNT
1117,UNT,TIN,UNT,UNT
1118,UNT,TIN,UNT,UNT
1119,TIN,TIN,TIN,TIN
1120,TIN,TIN,TIN,UNT
1121,UNT,TIN,UNT,UNT
1122,UNT,TIN,UNT,UNT
1123,UNT,TIN,UNT,UNT
1124,UNT,TIN,TIN,UNT
1125,TIN,TIN,UNT,UNT
1126,TIN,TIN,TIN,UNT
1127,UNT,TIN,UNT,UNT
1128,TIN,TIN,UNT,UNT
1129,TIN,TIN,TIN,UNT
1130,TIN,TIN,UNT,UNT
1131,TIN,TIN,TIN,UNT
1132,UNT,TIN,UNT,UNT
1133,UNT,TIN,UNT,UNT
1134,UNT,TIN,UNT,UNT
1135,TIN,TIN,TIN,UNT
1136,UNT,TIN,UNT,UNT
1137,UNT,TIN,UNT,UNT
1138,TIN,TIN,UNT,UNT
1139,UNT,TIN,UNT,UNT
1140,UNT,TIN,UNT,UNT
1141,UNT,TIN,UNT,UNT
1142,TIN,TIN,TIN,UNT
1143,UNT,TIN,UNT,UNT
1144,TIN,TIN,UNT,UNT
1145,TIN,TIN,TIN,UNT
1146,UNT,TIN,UNT,UNT
1147,TIN,TIN,UNT,UNT
1148,TIN,TIN,TIN,UNT
1149,TIN,TIN,UNT,UNT
1150,TIN,TIN,UNT,UNT
1151,UNT,TIN,UNT,UNT
1152,TIN,TIN,UNT,UNT
1153,UNT,TIN,UNT,UNT
1154,UNT,TIN,UNT,UNT
1155,TIN,TIN,TIN,TIN
1156,TIN,TIN,TIN,TIN
1157,TIN,TIN,TIN,TIN
1158,TIN,TIN,TIN,TIN
1159,TIN,TIN,TIN,TIN
1160,TIN,TIN,TIN,TIN
1161,TIN,TIN,TIN,TIN
1162,TIN,TIN,TIN,TIN
1163,TIN,TIN,TIN,TIN
1164,TIN,TIN,TIN,TIN
1165,TIN,TIN,TIN,TIN
1166,TIN,TIN,TIN,TIN
1167,TIN,TIN,TIN,TIN
1168,TIN,TIN,TIN,TIN
1169,TIN,TIN,TIN,TIN
1170,TIN,TIN,TIN,TIN
1171,TIN,TIN,TIN,TIN
1172,TIN,TIN,TIN,TIN
1173,TIN,TIN,TIN,TIN
1174,TIN,TIN,TIN,TIN
1175,TIN,TIN,TIN,TIN
1176,TIN,TIN,TIN,TIN
1177,TIN,TIN,TIN,TIN
1178,TIN,TIN,TIN,TIN
1179,TIN,TIN,TIN,TIN
1180,TIN,TIN,TIN,TIN
1181,TIN,TIN,TIN,TIN
1182,TIN,TIN,TIN,TIN
1183,TIN,TIN,TIN,UNT
1184,TIN,TIN,TIN,TIN
1185,TIN,TIN,TIN,TIN
1186,TIN,TIN,TIN,TIN
1187,TIN,TIN,TIN,TIN
1188,TIN,TIN,TIN,TIN
1189,TIN,TIN,TIN,TIN
1190,TIN,TIN,TIN,TIN
1191,TIN,TIN,TIN,TIN
1192,TIN,TIN,TIN,TIN
1193,TIN,TIN,TIN,TIN
1194,TIN,TIN,TIN,TIN
1195,TIN,TIN,TIN,TIN
1196,TIN,TIN,TIN,TIN
1197,TIN,TIN,TIN,TIN
1198,TIN,TIN,TIN,TIN
1199,TIN,TIN,TIN,TIN
1200,TIN,TIN,TIN,TIN
1201,TIN,TIN,TIN,TIN
1202,TIN,TIN,TIN,TIN
1203,TIN,TIN,TIN,TIN
1204,TIN,TIN,TIN,TIN
1205,TIN,TIN,TIN,TIN
1206,TIN,TIN,TIN,TIN
1207,UNT,TIN,UNT,UNT
1208,TIN,TIN,TIN,TIN
1209,TIN,TIN,TIN,TIN
1210,TIN,TIN,TIN,TIN
1211,TIN,TIN,TIN,TIN
1212,TIN,TIN,TIN,TIN
1213,TIN,TIN,TIN,TIN
1214,TIN,TIN,TIN,TIN
1215,TIN,TIN,TIN,TIN
1216,TIN,TIN,TIN,TIN
1217,TIN,TIN,TIN,TIN
1218,TIN,TIN,TIN,TIN
1219,TIN,TIN,TIN,TIN
1220,TIN,TIN,TIN,TIN
1221,TIN,TIN,TIN,TIN
1222,TIN,TIN,TIN,TIN
1223,TIN,TIN,TIN,TIN
1224,TIN,TIN,TIN,TIN
1225,TIN,TIN,TIN,TIN
1226,TIN,TIN,TIN,TIN
1227,TIN,TIN,TIN,TIN
1228,TIN,TIN,UNT,TIN
1229,TIN,TIN,TIN,TIN
1230,TIN,TIN,TIN,TIN
1231,TIN,TIN,TIN,TIN
1232,TIN,TIN,TIN,TIN
1233,TIN,TIN,TIN,TIN
1234,TIN,TIN,TIN,TIN
1235,TIN,TIN,TIN,TIN
1236,TIN,TIN,TIN,TIN
1237,TIN,TIN,TIN,TIN
1238,TIN,TIN,TIN,TIN
1239,TIN,TIN,TIN,TIN
1240,TIN,TIN,TIN,TIN
1241,TIN,TIN,TIN,TIN
1242,TIN,TIN,TIN,TIN
1243,TIN,TIN,UNT,TIN
1244,TIN,TIN,TIN,TIN
1245,TIN,TIN,TIN,TIN
1246,TIN,TIN,TIN,TIN
1247,TIN,TIN,TIN,TIN
1248,TIN,TIN,TIN,TIN
1249,TIN,TIN,TIN,TIN
1250,TIN,TIN,TIN,TIN
1251,TIN,TIN,TIN,UNT
1252,TIN,TIN,TIN,TIN
1253,TIN,TIN,TIN,TIN
1254,TIN,TIN,TIN,TIN
1255,TIN,TIN,TIN,TIN
1256,TIN,TIN,TIN,TIN
1257,TIN,TIN,TIN,TIN
1258,TIN,TIN,TIN,TIN
1259,TIN,TIN,TIN,TIN
1260,TIN,TIN,TIN,TIN
1261,TIN,TIN,TIN,TIN
1262,TIN,TIN,TIN,TIN
1263,TIN,TIN,TIN,TIN
1264,TIN,TIN,TIN,TIN
1265,TIN,TIN,TIN,TIN
1266,TIN,TIN,TIN,TIN
1267,TIN,TIN,TIN,TIN
1268,TIN,TIN,UNT,TIN
1269,UNT,TIN,UNT,UNT
1270,TIN,TIN,TIN,TIN
1271,TIN,TIN,TIN,TIN
1272,TIN,TIN,UNT,UNT
1273,TIN,TIN,TIN,TIN
1274,TIN,TIN,TIN,TIN
1275,TIN,TIN,TIN,TIN
1276,TIN,TIN,TIN,UNT
1277,TIN,TIN,TIN,TIN
1278,TIN,TIN,TIN,TIN
1279,TIN,TIN,UNT,UNT
1280,TIN,TIN,TIN,TIN
1281,TIN,TIN,TIN,TIN
1282,TIN,TIN,TIN,TIN
1283,TIN,TIN,TIN,TIN
1284,TIN,TIN,TIN,TIN
1285,TIN,TIN,TIN,TIN
1286,TIN,TIN,TIN,TIN
1287,TIN,TIN,TIN,TIN
1288,TIN,TIN,TIN,TIN
1289,TIN,TIN,TIN,TIN
1290,TIN,TIN,TIN,UNT
1291,TIN,TIN,TIN,TIN
1292,TIN,TIN,TIN,TIN
1293,TIN,TIN,TIN,UNT
1294,TIN,TIN,UNT,UNT
1295,TIN,TIN,TIN,TIN
1296,TIN,TIN,TIN,TIN
1297,TIN,TIN,TIN,TIN
1298,TIN,TIN,UNT,UNT
1299,TIN,TIN,TIN,TIN
1300,TIN,TIN,UNT,UNT
1301,TIN,TIN,TIN,TIN
1302,TIN,TIN,TIN,TIN
1303,TIN,TIN,TIN,TIN
1304,TIN,TIN,TIN,TIN
1305,TIN,TIN,TIN,TIN
1306,TIN,TIN,TIN,TIN
1307,TIN,TIN,UNT,TIN
1308,TIN,TIN,TIN,TIN
1309,TIN,TIN,TIN,TIN
1310,TIN,TIN,TIN,TIN
1311,TIN,TIN,TIN,TIN
1312,TIN,TIN,TIN,TIN
1313,TIN,TIN,TIN,TIN
1314,TIN,TIN,TIN,TIN
1315,TIN,TIN,TIN,TIN
1316,TIN,TIN,TIN,TIN
1317,TIN,TIN,TIN,TIN
1318,TIN,TIN,TIN,TIN
1319,TIN,TIN,TIN,TIN
1320,TIN,TIN,TIN,UNT
1321,TIN,TIN,UNT,UNT
1322,TIN,TIN,TIN,TIN
1323,TIN,TIN,TIN,TIN
1324,TIN,TIN,TIN,TIN
1325,TIN,TIN,TIN,TIN
1326,TIN,TIN,TIN,UNT
1327,TIN,TIN,TIN,TIN
1328,TIN,TIN,TIN,UNT
1329,TIN,TIN,TIN,TIN
1330,TIN,TIN,UNT,UNT
1331,TIN,TIN,TIN,TIN
1332,TIN,TIN,TIN,UNT
1333,TIN,TIN,TIN,TIN
1334,TIN,TIN,TIN,UNT
1335,TIN,TIN,TIN,UNT
1336,TIN,TIN,TIN,TIN
1337,TIN,TIN,TIN,TIN
1338,TIN,TIN,TIN,TIN
1339,TIN,TIN,TIN,TIN
1340,TIN,TIN,TIN,TIN
1341,TIN,TIN,TIN,TIN
1342,TIN,TIN,TIN,TIN
1343,TIN,TIN,TIN,TIN
1344,TIN,TIN,TIN,TIN
1345,TIN,TIN,UNT,UNT
1346,TIN,TIN,TIN,TIN
1347,TIN,TIN,TIN,TIN
1348,TIN,TIN,UNT,UNT
1349,TIN,TIN,TIN,TIN
1350,TIN,TIN,TIN,TIN
1351,TIN,TIN,TIN,TIN
1352,TIN,TIN,TIN,UNT